{"stats":{"minecraft:custom":{"minecraft:jump":45,"minecraft:time_since_rest":788,"minecraft:deaths":1,"minecraft:crouch_one_cm":86,"minecraft:damage_taken":335,"minecraft:sprint_one_cm":4065,"minecraft:play_time":5433,"minecraft:time_since_death":746,"minecraft:walk_one_cm":8596,"minecraft:sneak_time":8,"minecraft:total_world_time":5433,"minecraft:fall_one_cm":2734,"minecraft:fly_one_cm":2970},"minecraft:picked_up":{"minecraft:birch_log":5},"minecraft:killed_by":{"specialmobs:zombie":1},"minecraft:mined":{"minecraft:birch_log":5,"minecraft:oak_leaves":10},"minecraft:crafted":{"minecraft:crafting_table":1,"minecraft:birch_planks":20},"minecraft:used":{"alexsmobs:animal_dictionary":1}},"DataVersion":3465}