{"stats":{"minecraft:custom":{"minecraft:interact_with_furnace":15,"minecraft:mob_kills":15,"minecraft:interact_with_crafting_table":11,"minecraft:time_since_death":4279,"minecraft:time_since_rest":4305,"minecraft:sprint_one_cm":89194,"minecraft:damage_taken":2010,"minecraft:walk_one_cm":107627,"minecraft:damage_blocked_by_shield":720,"minecraft:damage_dealt":2250,"minecraft:swim_one_cm":981,"minecraft:fly_one_cm":43777,"minecraft:crouch_one_cm":86,"minecraft:play_time":41433,"minecraft:deaths":5,"minecraft:sneak_time":69,"minecraft:walk_under_water_one_cm":3952,"minecraft:jump":573,"minecraft:walk_on_water_one_cm":8052,"minecraft:total_world_time":41433,"minecraft:fall_one_cm":13723},"minecraft:killed":{"minecraft:pig":3,"specialmobs:skeleton":1,"specialmobs:zombie":6,"minecraft:cow":5},"minecraft:picked_up":{"minecraft:birch_log":13,"minecraft:crafting_table":12,"minecraft:cooked_beef":2,"minecraft:andesite":1,"minecraft:leather":19,"minecraft:wooden_pickaxe":3,"minecraft:birch_planks":109,"minecraft:oak_log":33,"minecraft:shield":1,"minecraft:dirt":90,"minecraft:bone":1,"minecraft:iron_ingot":4,"minecraft:beef":19,"minecraft:stone_pickaxe":3,"minecraft:wooden_shovel":3,"minecraft:birch_sapling":4,"minecraft:oak_planks":420,"minecraft:furnace":3,"minecraft:stick":28,"minecraft:raw_iron":34,"minecraft:torch":47,"minecraft:porkchop":12,"minecraft:diorite":3,"minecraft:arrow":1,"minecraft:rotten_flesh":4,"minecraft:stone_axe":4,"minecraft:granite":48,"minecraft:oak_sapling":91,"minecraft:coal":255,"minecraft:cobblestone":209,"minecraft:wooden_axe":4},"minecraft:killed_by":{"specialmobs:zombie":2,"alexsmobs:grizzly_bear":3},"minecraft:mined":{"minecraft:crafting_table":5,"minecraft:granite":24,"minecraft:grass_block":8,"minecraft:oak_planks":11,"minecraft:diorite":3,"minecraft:large_fern":6,"minecraft:furnace":1,"minecraft:birch_log":13,"minecraft:iron_ore":29,"minecraft:andesite":1,"minecraft:birch_leaves":1,"minecraft:grass":1,"minecraft:oak_log":33,"minecraft:coal_ore":126,"minecraft:dirt":10,"minecraft:stone":92,"minecraft:oak_leaves":14,"minecraft:fern":2},"minecraft:broken":{"minecraft:stone_pickaxe":1,"minecraft:wooden_axe":1,"minecraft:wooden_pickaxe":1},"minecraft:crafted":{"minecraft:cooked_beef":5,"minecraft:oak_planks":132,"minecraft:wooden_shovel":1,"minecraft:cooked_porkchop":6,"minecraft:crafting_table":2,"minecraft:wooden_pickaxe":1,"minecraft:furnace":1,"minecraft:birch_planks":52,"minecraft:stone_axe":1,"minecraft:air":0,"minecraft:shield":1,"minecraft:iron_axe":1,"minecraft:stick":16,"minecraft:iron_ingot":7,"minecraft:iron_pickaxe":1,"minecraft:stone_pickaxe":2,"minecraft:wooden_axe":2,"minecraft:torch":56},"minecraft:used":{"minecraft:birch_planks":2,"minecraft:stone_pickaxe":221,"minecraft:oak_planks":30,"minecraft:wooden_pickaxe":59,"minecraft:shield":15,"minecraft:wooden_shovel":5,"minecraft:torch":31,"minecraft:crafting_table":5,"minecraft:wooden_axe":66,"minecraft:stone_axe":57,"minecraft:furnace":2,"minecraft:oak_sapling":1,"minecraft:cooked_porkchop":2,"alexsmobs:animal_dictionary":1,"minecraft:cooked_beef":4}},"DataVersion":3465}