{"stats":{"minecraft:custom":{"minecraft:time_since_rest":12788,"minecraft:interact_with_furnace":4,"minecraft:sprint_one_cm":31864,"minecraft:damage_taken":595,"minecraft:walk_one_cm":41683,"minecraft:mob_kills":3,"minecraft:damage_dealt":462,"minecraft:interact_with_crafting_table":8,"minecraft:fly_one_cm":14663,"minecraft:crouch_one_cm":86,"minecraft:play_time":17433,"minecraft:deaths":1,"minecraft:sneak_time":31,"minecraft:walk_under_water_one_cm":1534,"minecraft:jump":256,"minecraft:walk_on_water_one_cm":494,"minecraft:time_since_death":12746,"minecraft:total_world_time":17433,"minecraft:fall_one_cm":8461},"minecraft:killed":{"specialmobs:zombie":1,"minecraft:cow":2},"minecraft:picked_up":{"minecraft:birch_log":13,"minecraft:stick":16,"minecraft:crafting_table":3,"minecraft:leather":2,"minecraft:oak_log":33,"minecraft:dirt":18,"minecraft:beef":5,"minecraft:oak_sapling":18,"minecraft:coal":12,"minecraft:oak_planks":54,"minecraft:birch_sapling":1,"minecraft:cobblestone":27,"minecraft:furnace":1},"minecraft:killed_by":{"specialmobs:zombie":1},"minecraft:mined":{"minecraft:furnace":1,"minecraft:birch_log":13,"minecraft:birch_leaves":1,"minecraft:crafting_table":3,"minecraft:grass":1,"minecraft:coal_ore":12,"minecraft:grass_block":8,"minecraft:oak_log":33,"minecraft:dirt":10,"minecraft:stone":27,"minecraft:oak_leaves":13},"minecraft:broken":{"minecraft:wooden_axe":1},"minecraft:crafted":{"minecraft:cooked_beef":5,"minecraft:oak_planks":132,"minecraft:wooden_shovel":1,"minecraft:crafting_table":2,"minecraft:stick":4,"minecraft:wooden_pickaxe":1,"minecraft:stone_pickaxe":1,"minecraft:wooden_axe":2,"minecraft:furnace":1,"minecraft:torch":8,"minecraft:birch_planks":52,"minecraft:stone_axe":1,"minecraft:air":0},"minecraft:used":{"minecraft:wooden_axe":66,"minecraft:oak_planks":13,"minecraft:wooden_pickaxe":44,"minecraft:wooden_shovel":5,"minecraft:torch":1,"minecraft:stone_axe":5,"minecraft:crafting_table":3,"minecraft:furnace":1,"alexsmobs:animal_dictionary":1,"minecraft:cooked_beef":2}},"DataVersion":3465}