{"stats":{"minecraft:used":{"minecraft:wooden_axe":8,"minecraft:stone_pickaxe":164,"minecraft:wooden_pickaxe":8,"minecraft:wooden_shovel":7,"minecraft:torch":3,"minecraft:stone_axe":42,"minecraft:crafting_table":3,"minecraft:furnace":2,"regions_unexplored:clover":15,"minecraft:cooked_beef":2,"minecraft:granite":4},"minecraft:broken":{"minecraft:stone_pickaxe":1},"minecraft:dropped":{"regions_unexplored:clover":1},"minecraft:picked_up":{"minecraft:raw_iron":18,"minecraft:stick":6,"minecraft:crafting_table":2,"minecraft:andesite":3,"minecraft:leather":6,"minecraft:porkchop":11,"minecraft:oak_log":10,"minecraft:dirt":3,"minecraft:rotten_flesh":2,"minecraft:apple":1,"regions_unexplored:clover":18,"minecraft:beef":8,"minecraft:granite":33,"minecraft:light_gray_wool":1,"minecraft:oak_sapling":4,"minecraft:black_wool":1,"minecraft:mutton":11,"minecraft:coal":62,"minecraft:white_wool":6,"minecraft:cobblestone":56},"minecraft:crafted":{"minecraft:cooked_beef":8,"minecraft:oak_planks":40,"minecraft:wooden_shovel":1,"minecraft:crafting_table":1,"minecraft:stick":20,"minecraft:wooden_pickaxe":1,"minecraft:stone_pickaxe":2,"minecraft:wooden_axe":1,"minecraft:furnace":2,"minecraft:torch":32,"minecraft:stone_axe":1,"minecraft:cooked_mutton":11,"minecraft:air":0},"minecraft:killed":{"minecraft:sheep":8,"minecraft:pig":4,"specialmobs:zombie":1,"minecraft:cow":4},"minecraft:custom":{"minecraft:time_since_rest":17613,"minecraft:interact_with_furnace":8,"minecraft:sprint_one_cm":22777,"minecraft:damage_taken":185,"minecraft:walk_one_cm":37472,"minecraft:mob_kills":17,"minecraft:drop":1,"minecraft:damage_dealt":1639,"minecraft:damage_dealt_absorbed":80,"minecraft:swim_one_cm":2663,"minecraft:interact_with_crafting_table":9,"minecraft:fly_one_cm":50352,"minecraft:crouch_one_cm":8,"minecraft:play_time":17613,"minecraft:sneak_time":55,"minecraft:walk_under_water_one_cm":580,"minecraft:damage_dealt_resisted":193,"minecraft:jump":335,"minecraft:time_since_death":17613,"minecraft:walk_on_water_one_cm":4040,"minecraft:total_world_time":17613,"minecraft:fall_one_cm":7685},"minecraft:mined":{"regions_unexplored:blue_lupine":1,"minecraft:iron_ore":18,"minecraft:andesite":3,"minecraft:crafting_table":2,"minecraft:granite":33,"minecraft:grass":2,"minecraft:coal_ore":62,"minecraft:grass_block":1,"minecraft:oak_log":10,"minecraft:dirt":2,"regions_unexplored:clover":7,"regions_unexplored:medium_grass":1,"minecraft:stone":56,"minecraft:oak_leaves":1}},"DataVersion":3465}