{"stats":{"minecraft:custom":{"minecraft:interact_with_furnace":22,"minecraft:mob_kills":17,"minecraft:interact_with_crafting_table":14,"minecraft:time_since_death":16279,"minecraft:time_since_rest":16305,"minecraft:sprint_one_cm":120022,"minecraft:damage_taken":2431,"minecraft:walk_one_cm":138943,"minecraft:damage_blocked_by_shield":1155,"minecraft:damage_dealt":2711,"minecraft:swim_one_cm":3381,"minecraft:fly_one_cm":57548,"minecraft:crouch_one_cm":86,"minecraft:play_time":53433,"minecraft:deaths":5,"minecraft:sneak_time":127,"minecraft:walk_under_water_one_cm":4489,"minecraft:jump":748,"minecraft:walk_on_water_one_cm":22485,"minecraft:total_world_time":53433,"minecraft:fall_one_cm":15745},"minecraft:killed":{"minecraft:pig":3,"specialmobs:skeleton":2,"specialmobs:zombie":6,"specialmobs:cavespider":1,"minecraft:cow":5},"minecraft:picked_up":{"minecraft:birch_log":13,"minecraft:crafting_table":14,"minecraft:cooked_beef":2,"minecraft:andesite":2,"minecraft:leather":19,"minecraft:wooden_pickaxe":3,"minecraft:birch_planks":109,"minecraft:oak_log":33,"minecraft:shield":1,"minecraft:string":2,"minecraft:lapis_lazuli":44,"minecraft:dirt":90,"minecraft:bone":3,"minecraft:cobbled_deepslate":2,"minecraft:iron_ingot":4,"minecraft:beef":19,"minecraft:stone_pickaxe":3,"minecraft:wooden_shovel":3,"minecraft:birch_sapling":4,"minecraft:oak_planks":420,"minecraft:furnace":5,"minecraft:stick":28,"minecraft:raw_iron":78,"minecraft:torch":49,"minecraft:porkchop":12,"minecraft:diorite":3,"minecraft:arrow":1,"minecraft:rotten_flesh":4,"minecraft:stone_axe":4,"minecraft:granite":53,"minecraft:oak_sapling":91,"minecraft:coal":357,"minecraft:cobblestone":215,"minecraft:wooden_axe":4},"minecraft:killed_by":{"specialmobs:zombie":2,"alexsmobs:grizzly_bear":3},"minecraft:mined":{"minecraft:crafting_table":7,"minecraft:granite":29,"minecraft:grass_block":8,"minecraft:cobblestone":1,"minecraft:lapis_ore":8,"minecraft:oak_planks":11,"minecraft:wall_torch":1,"minecraft:diorite":3,"minecraft:large_fern":6,"minecraft:furnace":3,"minecraft:birch_log":13,"minecraft:iron_ore":54,"minecraft:andesite":2,"minecraft:birch_leaves":1,"minecraft:grass":1,"minecraft:oak_log":33,"minecraft:coal_ore":129,"minecraft:deepslate_iron_ore":2,"minecraft:dirt":10,"minecraft:stone":97,"minecraft:deepslate":2,"minecraft:oak_leaves":14,"minecraft:fern":2},"minecraft:broken":{"minecraft:stone_pickaxe":1,"minecraft:wooden_axe":1,"minecraft:wooden_pickaxe":1},"minecraft:crafted":{"minecraft:cooked_beef":6,"minecraft:oak_planks":132,"minecraft:wooden_shovel":1,"minecraft:cooked_porkchop":6,"minecraft:crafting_table":2,"minecraft:wooden_pickaxe":1,"minecraft:iron_helmet":1,"minecraft:furnace":1,"minecraft:birch_planks":52,"minecraft:stone_axe":1,"minecraft:air":0,"minecraft:iron_boots":1,"minecraft:iron_chestplate":1,"minecraft:shield":1,"minecraft:iron_axe":1,"minecraft:stick":16,"minecraft:iron_ingot":34,"minecraft:iron_pickaxe":1,"minecraft:stone_pickaxe":2,"minecraft:wooden_axe":2,"minecraft:iron_leggings":1,"minecraft:torch":56},"minecraft:used":{"minecraft:birch_planks":2,"minecraft:stone_pickaxe":241,"minecraft:oak_planks":30,"minecraft:wooden_pickaxe":59,"minecraft:shield":23,"minecraft:wooden_shovel":5,"minecraft:iron_chestplate":1,"minecraft:torch":54,"minecraft:crafting_table":8,"minecraft:wooden_axe":66,"minecraft:iron_axe":6,"minecraft:iron_pickaxe":35,"minecraft:iron_helmet":1,"minecraft:iron_boots":1,"minecraft:stone_axe":61,"minecraft:golden_carrot":1,"minecraft:cobblestone":10,"minecraft:furnace":4,"minecraft:oak_sapling":1,"minecraft:cooked_porkchop":6,"alexsmobs:animal_dictionary":1,"minecraft:cooked_beef":5,"minecraft:cobbled_deepslate":2,"minecraft:iron_leggings":1}},"DataVersion":3465}