{"stats":{"minecraft:crafted":{"minecraft:crafting_table":1,"minecraft:spruce_planks":52,"minecraft:stick":8,"minecraft:wooden_pickaxe":1,"minecraft:stone_pickaxe":1,"minecraft:wooden_axe":1,"minecraft:spruce_boat":1,"minecraft:stone_axe":1},"minecraft:killed_by":{"minecraft:skeleton":1,"minecraft:zombie":1},"minecraft:mined":{"minecraft:ice":13,"minecraft:spruce_log":13,"minecraft:crafting_table":3,"minecraft:dirt":1,"minecraft:spruce_leaves":1,"minecraft:stone":16},"minecraft:picked_up":{"minecraft:wooden_axe":2,"minecraft:stick":13,"minecraft:crafting_table":5,"minecraft:wooden_pickaxe":2,"minecraft:spruce_sapling":12,"minecraft:spruce_log":13,"minecraft:dirt":3,"minecraft:string":3,"minecraft:spruce_boat":1,"minecraft:spruce_planks":12,"minecraft:stone_pickaxe":2,"minecraft:sugar_cane":5,"minecraft:cobblestone":42},"minecraft:custom":{"minecraft:time_since_rest":3231,"minecraft:sprint_one_cm":66577,"minecraft:damage_taken":755,"minecraft:walk_one_cm":29522,"minecraft:mob_kills":1,"minecraft:damage_dealt":578,"minecraft:fly_one_cm":91108,"minecraft:interact_with_crafting_table":6,"minecraft:swim_one_cm":17555,"minecraft:player_kills":1,"minecraft:crouch_one_cm":289,"minecraft:play_time":20782,"minecraft:deaths":3,"minecraft:sneak_time":452,"minecraft:walk_under_water_one_cm":14201,"minecraft:boat_one_cm":20205,"minecraft:jump":387,"minecraft:leave_game":1,"minecraft:time_since_death":3202,"minecraft:walk_on_water_one_cm":918,"minecraft:total_world_time":20782,"minecraft:fall_one_cm":10834},"minecraft:killed":{"minecraft:spider":1},"minecraft:used":{"minecraft:spruce_boat":1,"minecraft:wooden_axe":26,"minecraft:stone_pickaxe":12,"minecraft:wooden_pickaxe":5,"minecraft:spruce_sapling":2,"minecraft:stone_axe":1,"minecraft:crafting_table":3,"alexsmobs:animal_dictionary":2}},"DataVersion":3465}