{"stats":{"minecraft:mined":{"minecraft:ice":13},"minecraft:used":{"alexsmobs:animal_dictionary":2},"minecraft:custom":{"minecraft:jump":157,"minecraft:time_since_rest":2044,"minecraft:leave_game":1,"minecraft:deaths":1,"minecraft:walk_on_water_one_cm":536,"minecraft:crouch_one_cm":284,"minecraft:sprint_one_cm":29681,"minecraft:play_time":9079,"minecraft:damage_taken":250,"minecraft:time_since_death":2015,"minecraft:walk_one_cm":12457,"minecraft:sneak_time":429,"minecraft:total_world_time":9079,"minecraft:walk_under_water_one_cm":14201,"minecraft:swim_one_cm":17555,"minecraft:fall_one_cm":5607,"minecraft:fly_one_cm":45758},"minecraft:picked_up":{"minecraft:sugar_cane":5}},"DataVersion":3465}