{"stats":{"minecraft:dropped":{"minecraft:tuff":1,"minecraft:cobblestone":10,"minecraft:granite":31,"minecraft:stick":1,"minecraft:dirt":36,"minecraft:diorite":3,"minecraft:andesite":4},"minecraft:custom":{"minecraft:interact_with_furnace":29,"minecraft:mob_kills":22,"minecraft:interact_with_crafting_table":20,"minecraft:time_since_death":2239,"minecraft:time_since_rest":2265,"minecraft:sprint_one_cm":161098,"minecraft:damage_taken":3345,"minecraft:walk_one_cm":232705,"minecraft:damage_blocked_by_shield":2820,"minecraft:drop":11,"minecraft:damage_dealt":3933,"minecraft:swim_one_cm":3381,"minecraft:fly_one_cm":73196,"minecraft:crouch_one_cm":1312,"minecraft:play_time":77433,"minecraft:deaths":6,"minecraft:sneak_time":473,"minecraft:walk_under_water_one_cm":4489,"minecraft:jump":1086,"minecraft:walk_on_water_one_cm":22485,"minecraft:total_world_time":77433,"minecraft:fall_one_cm":20301},"minecraft:killed":{"minecraft:pig":3,"specialmobs:skeleton":3,"specialmobs:sniperskeleton":1,"specialmobs:zombie":8,"specialmobs:webcavespider":1,"specialmobs:cavespider":1,"minecraft:cow":5},"minecraft:picked_up":{"minecraft:birch_log":13,"minecraft:iron_chestplate":1,"minecraft:crafting_table":18,"minecraft:cooked_beef":2,"minecraft:golden_carrot":120,"minecraft:andesite":10,"minecraft:leather":24,"treasure2:topaz":2,"minecraft:wooden_pickaxe":3,"minecraft:birch_planks":140,"minecraft:tuff":1,"minecraft:oak_log":33,"minecraft:shield":2,"minecraft:gunpowder":2,"minecraft:lapis_block":9,"minecraft:string":16,"minecraft:lapis_lazuli":85,"minecraft:dirt":108,"minecraft:iron_axe":1,"minecraft:iron_leggings":1,"minecraft:bone":6,"minecraft:cobbled_deepslate":2,"minecraft:raw_gold":40,"minecraft:iron_ingot":22,"minecraft:beef":19,"minecraft:stone_pickaxe":4,"minecraft:wooden_shovel":4,"minecraft:iron_pickaxe":1,"minecraft:coal_block":14,"minecraft:iron_boots":1,"minecraft:iron_sword":1,"minecraft:birch_sapling":5,"minecraft:oak_planks":508,"minecraft:furnace":7,"minecraft:stick":30,"minecraft:raw_iron":206,"minecraft:torch":59,"minecraft:raw_iron_block":8,"minecraft:fire_charge":2,"minecraft:porkchop":12,"minecraft:diorite":3,"minecraft:arrow":2,"minecraft:rotten_flesh":8,"minecraft:stone_axe":5,"minecraft:iron_helmet":1,"minecraft:granite":55,"minecraft:oak_sapling":109,"minecraft:coal":411,"minecraft:cobblestone":318,"minecraft:wooden_axe":5},"minecraft:killed_by":{"specialmobs:zombie":2,"alexsmobs:grizzly_bear":3,"specialmobs:skeleton":1},"minecraft:mined":{"minecraft:tuff":1,"minecraft:crafting_table":10,"minecraft:granite":29,"minecraft:grass_block":8,"minecraft:cobblestone":7,"minecraft:deepslate_coal_ore":7,"minecraft:deepslate_gold_ore":2,"minecraft:lapis_ore":14,"minecraft:oak_planks":11,"minecraft:wall_torch":1,"minecraft:diorite":3,"treasure2:deepslate_topaz_ore":1,"minecraft:large_fern":6,"minecraft:furnace":4,"minecraft:birch_log":13,"minecraft:iron_ore":158,"minecraft:andesite":8,"minecraft:birch_leaves":1,"minecraft:grass":1,"minecraft:oak_log":33,"minecraft:coal_ore":164,"minecraft:deepslate_iron_ore":10,"minecraft:dirt":10,"minecraft:cobweb":6,"minecraft:stone":144,"minecraft:gold_ore":18,"minecraft:deepslate":7,"minecraft:oak_leaves":14,"minecraft:fern":2},"minecraft:broken":{"minecraft:stone_pickaxe":1,"minecraft:iron_pickaxe":1,"minecraft:wooden_axe":1,"minecraft:wooden_pickaxe":1},"minecraft:crafted":{"minecraft:cooked_beef":6,"minecraft:coal_block":14,"minecraft:oak_planks":132,"minecraft:wooden_shovel":1,"minecraft:cooked_porkchop":6,"minecraft:crafting_table":2,"minecraft:wooden_pickaxe":1,"minecraft:iron_helmet":1,"minecraft:iron_sword":1,"minecraft:furnace":1,"minecraft:birch_planks":52,"minecraft:stone_axe":1,"minecraft:air":0,"minecraft:iron_boots":1,"minecraft:iron_chestplate":1,"minecraft:shield":1,"minecraft:iron_axe":1,"minecraft:stick":48,"minecraft:iron_ingot":54,"minecraft:iron_pickaxe":2,"minecraft:stone_pickaxe":2,"minecraft:wooden_axe":2,"minecraft:iron_leggings":1,"minecraft:torch":132,"minecraft:lapis_block":9,"minecraft:raw_iron_block":8},"minecraft:used":{"minecraft:birch_planks":2,"minecraft:stone_pickaxe":241,"minecraft:oak_planks":30,"minecraft:wooden_pickaxe":59,"minecraft:shield":45,"minecraft:iron_sword":6,"minecraft:wooden_shovel":5,"minecraft:iron_chestplate":1,"minecraft:torch":110,"minecraft:crafting_table":11,"minecraft:wooden_axe":66,"minecraft:iron_axe":27,"minecraft:iron_pickaxe":282,"minecraft:iron_helmet":1,"minecraft:iron_boots":1,"minecraft:stone_axe":61,"minecraft:golden_carrot":8,"minecraft:cobblestone":74,"minecraft:furnace":4,"minecraft:oak_sapling":1,"minecraft:cooked_porkchop":6,"alexsmobs:animal_dictionary":1,"minecraft:cooked_beef":5,"minecraft:cobbled_deepslate":2,"minecraft:iron_leggings":1}},"DataVersion":3465}