{"stats":{"minecraft:custom":{"minecraft:time_since_rest":5806,"minecraft:interact_with_furnace":4,"minecraft:sprint_one_cm":66655,"minecraft:damage_taken":1475,"minecraft:walk_one_cm":80548,"minecraft:mob_kills":11,"minecraft:damage_dealt":1449,"minecraft:swim_one_cm":981,"minecraft:interact_with_crafting_table":8,"minecraft:fly_one_cm":37488,"minecraft:crouch_one_cm":86,"minecraft:play_time":29433,"minecraft:deaths":4,"minecraft:sneak_time":69,"minecraft:walk_under_water_one_cm":3952,"minecraft:jump":477,"minecraft:walk_on_water_one_cm":8052,"minecraft:time_since_death":5780,"minecraft:total_world_time":29433,"minecraft:fall_one_cm":12908},"minecraft:killed":{"minecraft:pig":3,"specialmobs:zombie":3,"minecraft:cow":5},"minecraft:picked_up":{"minecraft:birch_log":13,"minecraft:stick":28,"minecraft:crafting_table":9,"minecraft:cooked_beef":2,"minecraft:leather":14,"minecraft:torch":15,"minecraft:wooden_pickaxe":3,"minecraft:birch_planks":78,"minecraft:porkchop":6,"minecraft:oak_log":33,"minecraft:dirt":72,"minecraft:stone_axe":3,"minecraft:stone_pickaxe":2,"minecraft:beef":18,"minecraft:wooden_shovel":2,"minecraft:oak_sapling":73,"minecraft:coal":154,"minecraft:oak_planks":322,"minecraft:birch_sapling":3,"minecraft:wooden_axe":3,"minecraft:cobblestone":83,"minecraft:furnace":3},"minecraft:killed_by":{"specialmobs:zombie":1,"alexsmobs:grizzly_bear":3},"minecraft:mined":{"minecraft:furnace":1,"minecraft:birch_log":13,"minecraft:birch_leaves":1,"minecraft:crafting_table":3,"minecraft:grass":1,"minecraft:coal_ore":70,"minecraft:grass_block":8,"minecraft:oak_log":33,"minecraft:dirt":10,"minecraft:stone":38,"minecraft:fern":2,"minecraft:oak_planks":11,"minecraft:oak_leaves":14,"minecraft:large_fern":6},"minecraft:broken":{"minecraft:wooden_axe":1,"minecraft:wooden_pickaxe":1},"minecraft:crafted":{"minecraft:cooked_beef":5,"minecraft:oak_planks":132,"minecraft:wooden_shovel":1,"minecraft:crafting_table":2,"minecraft:stick":4,"minecraft:wooden_pickaxe":1,"minecraft:stone_pickaxe":1,"minecraft:wooden_axe":2,"minecraft:furnace":1,"minecraft:torch":16,"minecraft:birch_planks":52,"minecraft:stone_axe":1,"minecraft:air":0},"minecraft:used":{"minecraft:wooden_axe":66,"minecraft:birch_planks":1,"minecraft:stone_pickaxe":54,"minecraft:oak_planks":30,"minecraft:wooden_pickaxe":59,"minecraft:wooden_shovel":5,"minecraft:torch":9,"minecraft:stone_axe":42,"minecraft:crafting_table":3,"minecraft:oak_sapling":1,"minecraft:furnace":1,"alexsmobs:animal_dictionary":1,"minecraft:cooked_beef":4}},"DataVersion":3465}