{"stats":{"minecraft:dropped":{"minecraft:tuff":1,"minecraft:cobblestone":9,"minecraft:diorite":3,"minecraft:andesite":2},"minecraft:custom":{"minecraft:interact_with_furnace":22,"minecraft:mob_kills":22,"minecraft:interact_with_crafting_table":15,"minecraft:time_since_death":28279,"minecraft:time_since_rest":28305,"minecraft:sprint_one_cm":140733,"minecraft:damage_taken":3036,"minecraft:walk_one_cm":188014,"minecraft:damage_blocked_by_shield":2100,"minecraft:drop":4,"minecraft:damage_dealt":3771,"minecraft:swim_one_cm":3381,"minecraft:fly_one_cm":65106,"minecraft:crouch_one_cm":1300,"minecraft:play_time":65433,"minecraft:deaths":5,"minecraft:sneak_time":427,"minecraft:walk_under_water_one_cm":4489,"minecraft:jump":936,"minecraft:walk_on_water_one_cm":22485,"minecraft:total_world_time":65433,"minecraft:fall_one_cm":17522},"minecraft:killed":{"minecraft:pig":3,"specialmobs:skeleton":3,"specialmobs:sniperskeleton":1,"specialmobs:zombie":8,"specialmobs:webcavespider":1,"specialmobs:cavespider":1,"minecraft:cow":5},"minecraft:picked_up":{"minecraft:birch_log":13,"minecraft:crafting_table":14,"minecraft:cooked_beef":2,"minecraft:andesite":2,"minecraft:leather":19,"treasure2:topaz":1,"minecraft:wooden_pickaxe":3,"minecraft:birch_planks":109,"minecraft:tuff":1,"minecraft:oak_log":33,"minecraft:shield":1,"minecraft:gunpowder":1,"minecraft:string":7,"minecraft:lapis_lazuli":77,"minecraft:dirt":90,"minecraft:bone":3,"minecraft:cobbled_deepslate":2,"minecraft:raw_gold":13,"minecraft:iron_ingot":4,"minecraft:beef":19,"minecraft:stone_pickaxe":3,"minecraft:wooden_shovel":3,"minecraft:birch_sapling":4,"minecraft:oak_planks":420,"minecraft:furnace":5,"minecraft:stick":28,"minecraft:raw_iron":140,"minecraft:torch":51,"minecraft:fire_charge":1,"minecraft:porkchop":12,"minecraft:diorite":3,"minecraft:arrow":1,"minecraft:rotten_flesh":5,"minecraft:stone_axe":4,"minecraft:granite":55,"minecraft:oak_sapling":91,"minecraft:coal":380,"minecraft:cobblestone":243,"minecraft:wooden_axe":4},"minecraft:killed_by":{"specialmobs:zombie":2,"alexsmobs:grizzly_bear":3},"minecraft:mined":{"minecraft:tuff":1,"minecraft:crafting_table":7,"minecraft:granite":29,"minecraft:grass_block":8,"minecraft:cobblestone":4,"minecraft:deepslate_coal_ore":7,"minecraft:deepslate_gold_ore":2,"minecraft:lapis_ore":13,"minecraft:oak_planks":11,"minecraft:wall_torch":1,"minecraft:diorite":3,"treasure2:deepslate_topaz_ore":1,"minecraft:large_fern":6,"minecraft:furnace":3,"minecraft:birch_log":13,"minecraft:iron_ore":110,"minecraft:andesite":3,"minecraft:birch_leaves":1,"minecraft:grass":1,"minecraft:oak_log":33,"minecraft:coal_ore":145,"minecraft:deepslate_iron_ore":8,"minecraft:dirt":10,"minecraft:cobweb":5,"minecraft:stone":118,"minecraft:gold_ore":11,"minecraft:deepslate":6,"minecraft:oak_leaves":14,"minecraft:fern":2},"minecraft:broken":{"minecraft:stone_pickaxe":1,"minecraft:wooden_axe":1,"minecraft:wooden_pickaxe":1},"minecraft:crafted":{"minecraft:cooked_beef":6,"minecraft:oak_planks":132,"minecraft:wooden_shovel":1,"minecraft:cooked_porkchop":6,"minecraft:crafting_table":2,"minecraft:wooden_pickaxe":1,"minecraft:iron_helmet":1,"minecraft:iron_sword":1,"minecraft:furnace":1,"minecraft:birch_planks":52,"minecraft:stone_axe":1,"minecraft:air":0,"minecraft:iron_boots":1,"minecraft:iron_chestplate":1,"minecraft:shield":1,"minecraft:iron_axe":1,"minecraft:stick":32,"minecraft:iron_ingot":34,"minecraft:iron_pickaxe":1,"minecraft:stone_pickaxe":2,"minecraft:wooden_axe":2,"minecraft:iron_leggings":1,"minecraft:torch":104},"minecraft:used":{"minecraft:birch_planks":2,"minecraft:stone_pickaxe":241,"minecraft:oak_planks":30,"minecraft:wooden_pickaxe":59,"minecraft:shield":32,"minecraft:iron_sword":5,"minecraft:wooden_shovel":5,"minecraft:iron_chestplate":1,"minecraft:torch":90,"minecraft:crafting_table":9,"minecraft:wooden_axe":66,"minecraft:iron_axe":22,"minecraft:iron_pickaxe":169,"minecraft:iron_helmet":1,"minecraft:iron_boots":1,"minecraft:stone_axe":61,"minecraft:golden_carrot":7,"minecraft:cobblestone":34,"minecraft:furnace":4,"minecraft:oak_sapling":1,"minecraft:cooked_porkchop":6,"alexsmobs:animal_dictionary":1,"minecraft:cooked_beef":5,"minecraft:cobbled_deepslate":2,"minecraft:iron_leggings":1}},"DataVersion":3465}