{"stats":{"minecraft:dropped":{"alexsmobs:animal_dictionary":1},"minecraft:custom":{"minecraft:time_since_rest":20706,"minecraft:sprint_one_cm":92628,"minecraft:damage_taken":1985,"minecraft:walk_one_cm":88856,"minecraft:mob_kills":1,"minecraft:drop":1,"minecraft:damage_dealt":362,"minecraft:interact_with_crafting_table":4,"minecraft:swim_one_cm":24356,"minecraft:fly_one_cm":111449,"minecraft:open_barrel":3,"minecraft:open_chest":6,"minecraft:crouch_one_cm":14940,"minecraft:play_time":58990,"minecraft:deaths":6,"minecraft:sneak_time":4495,"minecraft:walk_under_water_one_cm":3413,"minecraft:jump":910,"minecraft:leave_game":3,"minecraft:walk_on_water_one_cm":3363,"minecraft:time_since_death":20679,"minecraft:total_world_time":58990,"minecraft:fall_one_cm":30324},"minecraft:killed":{"specialmobs:skeleton":1},"minecraft:picked_up":{"minecraft:wooden_axe":1,"minecraft:birch_log":3,"minecraft:stick":32,"minecraft:crafting_table":2,"minecraft:torch":2,"minecraft:wooden_pickaxe":1,"minecraft:sand":11,"minecraft:oak_log":119,"minecraft:purple_terracotta":83,"minecraft:dirt":27,"minecraft:oak_wood":1,"minecraft:bone":2,"minecraft:blue_orchid":1,"minecraft:apple":3,"minecraft:wheat_seeds":4,"regions_unexplored:maple_shrub":1,"minecraft:wooden_shovel":1,"minecraft:oak_sapling":74,"minecraft:bubble_coral_block":5,"minecraft:oak_planks":8},"minecraft:killed_by":{"specialmobs:skeleton":2,"specialmobs:zombie":2,"specialmobs:spider":1},"minecraft:mined":{"minecraft:birch_log":2,"minecraft:birch_leaves":4,"minecraft:torch":2,"minecraft:crafting_table":2,"minecraft:grass":12,"minecraft:purple_terracotta":101,"minecraft:oak_wood":1,"minecraft:spruce_fence":2,"minecraft:grass_block":20,"minecraft:oak_log":65,"specialmobs:infested_bubble_coral_block":1,"minecraft:sand":15,"minecraft:dirt":4,"minecraft:mushroom_stem":3,"regions_unexplored:maple_leaves":2,"minecraft:bubble_coral_block":6,"regions_unexplored:maple_shrub":1,"minecraft:oak_planks":9,"minecraft:oak_leaves":45},"minecraft:broken":{"minecraft:wooden_axe":1},"minecraft:crafted":{"minecraft:oak_planks":260,"minecraft:wooden_shovel":1,"minecraft:crafting_table":1,"minecraft:wooden_pickaxe":1,"minecraft:wooden_axe":2,"minecraft:birch_planks":8},"minecraft:used":{"minecraft:wooden_axe":73,"minecraft:iron_ore":4,"minecraft:apple":3,"minecraft:birch_planks":8,"minecraft:bread":3,"minecraft:stone_pickaxe":126,"minecraft:oak_planks":74,"minecraft:detector_rail":2,"minecraft:golden_apple":1,"minecraft:sand":7,"minecraft:gold_ore":4,"minecraft:torch":10,"minecraft:dirt":9,"minecraft:crafting_table":3,"regions_unexplored:maple_shrub":1,"minecraft:bubble_coral_block":5,"alexsmobs:animal_dictionary":1,"minecraft:purple_terracotta":83}},"DataVersion":3465}