{"stats":{"minecraft:dropped":{"alexsmobs:animal_dictionary":1},"minecraft:killed_by":{"minecraft:skeleton":1,"minecraft:creeper":1,"minecraft:spider":1,"minecraft:zombie":1,"minecraft:player":1,"alexsmobs:snow_leopard":1},"minecraft:mined":{"minecraft:large_fern":3,"minecraft:grass":1,"minecraft:spruce_leaves":4,"minecraft:spruce_log":5},"minecraft:picked_up":{"minecraft:rotten_flesh":2,"minecraft:wheat_seeds":1,"minecraft:spruce_sapling":1,"minecraft:spruce_log":2},"minecraft:custom":{"minecraft:time_since_rest":338,"minecraft:crouch_one_cm":1451,"minecraft:play_time":6713,"minecraft:sprint_one_cm":24438,"minecraft:walk_one_cm":12411,"minecraft:damage_taken":1717,"minecraft:deaths":6,"minecraft:sneak_time":784,"minecraft:mob_kills":2,"minecraft:drop":1,"minecraft:jump":227,"minecraft:damage_dealt":393,"minecraft:time_since_death":313,"minecraft:walk_on_water_one_cm":118,"minecraft:total_world_time":6713,"minecraft:fall_one_cm":7673,"minecraft:fly_one_cm":47931},"minecraft:killed":{"minecraft:zombie":2},"minecraft:used":{"alexsmobs:animal_dictionary":1,"minecraft:spruce_log":2}},"DataVersion":3465}