{"stats":{"minecraft:dropped":{"alexsmobs:animal_dictionary":1},"minecraft:custom":{"minecraft:jump":63,"minecraft:time_since_rest":3675,"minecraft:leave_game":1,"minecraft:crouch_one_cm":122,"minecraft:walk_on_water_one_cm":77,"minecraft:sprint_one_cm":2552,"minecraft:play_time":3675,"minecraft:damage_taken":62,"minecraft:time_since_death":3675,"minecraft:walk_one_cm":2928,"minecraft:sneak_time":38,"minecraft:total_world_time":3675,"minecraft:walk_under_water_one_cm":726,"minecraft:swim_one_cm":2064,"minecraft:drop":1,"minecraft:fall_one_cm":1672,"minecraft:fly_one_cm":8991},"minecraft:used":{"alexsmobs:animal_dictionary":1}},"DataVersion":3465}