{"stats":{"minecraft:dropped":{"alexsmobs:animal_dictionary":1},"minecraft:custom":{"minecraft:time_since_rest":1062,"minecraft:sprint_one_cm":50199,"minecraft:damage_taken":1117,"minecraft:walk_one_cm":44905,"minecraft:drop":1,"minecraft:damage_dealt":151,"minecraft:interact_with_crafting_table":4,"minecraft:swim_one_cm":6836,"minecraft:fly_one_cm":59161,"minecraft:open_barrel":2,"minecraft:crouch_one_cm":3731,"minecraft:play_time":34990,"minecraft:deaths":3,"minecraft:sneak_time":866,"minecraft:walk_under_water_one_cm":900,"minecraft:jump":456,"minecraft:leave_game":3,"minecraft:walk_on_water_one_cm":180,"minecraft:time_since_death":1034,"minecraft:total_world_time":34990,"minecraft:fall_one_cm":16780},"minecraft:picked_up":{"minecraft:wooden_axe":1,"minecraft:stick":32,"minecraft:crafting_table":2,"minecraft:wooden_pickaxe":1,"minecraft:oak_log":116,"minecraft:dirt":2,"minecraft:apple":3,"minecraft:wheat_seeds":1,"minecraft:wooden_shovel":1,"minecraft:oak_sapling":74,"minecraft:oak_planks":5},"minecraft:killed_by":{"specialmobs:skeleton":1,"specialmobs:zombie":1,"specialmobs:spider":1},"minecraft:mined":{"minecraft:crafting_table":2,"minecraft:grass":3,"minecraft:grass_block":1,"minecraft:oak_log":62,"minecraft:oak_planks":5,"minecraft:oak_leaves":45},"minecraft:broken":{"minecraft:wooden_axe":1},"minecraft:crafted":{"minecraft:oak_planks":244,"minecraft:wooden_shovel":1,"minecraft:crafting_table":1,"minecraft:wooden_pickaxe":1,"minecraft:wooden_axe":2},"minecraft:used":{"minecraft:wooden_axe":73,"minecraft:apple":3,"minecraft:oak_planks":55,"minecraft:crafting_table":3,"alexsmobs:animal_dictionary":1}},"DataVersion":3465}