{"stats":{"minecraft:dropped":{"alexsmobs:animal_dictionary":1},"minecraft:custom":{"minecraft:time_since_rest":22990,"minecraft:crouch_one_cm":122,"minecraft:play_time":22990,"minecraft:sprint_one_cm":23299,"minecraft:damage_taken":182,"minecraft:walk_one_cm":24620,"minecraft:walk_under_water_one_cm":726,"minecraft:sneak_time":38,"minecraft:drop":1,"minecraft:jump":260,"minecraft:leave_game":3,"minecraft:time_since_death":22990,"minecraft:walk_on_water_one_cm":77,"minecraft:total_world_time":22990,"minecraft:swim_one_cm":2064,"minecraft:interact_with_crafting_table":3,"minecraft:fall_one_cm":6480,"minecraft:fly_one_cm":35334},"minecraft:picked_up":{"minecraft:crafting_table":1,"minecraft:stick":20,"minecraft:apple":3,"minecraft:oak_log":61,"minecraft:oak_sapling":37,"minecraft:dirt":1},"minecraft:mined":{"minecraft:grass_block":1,"minecraft:oak_log":62,"minecraft:oak_leaves":32,"minecraft:crafting_table":1},"minecraft:broken":{"minecraft:wooden_axe":1},"minecraft:crafted":{"minecraft:oak_planks":24,"minecraft:crafting_table":1,"minecraft:wooden_pickaxe":1,"minecraft:wooden_axe":2},"minecraft:used":{"minecraft:wooden_axe":62,"minecraft:apple":3,"minecraft:crafting_table":2,"minecraft:oak_planks":4,"alexsmobs:animal_dictionary":1}},"DataVersion":3465}