{"stats":{"minecraft:dropped":{"alexsmobs:animal_dictionary":1},"minecraft:custom":{"minecraft:time_since_rest":8706,"minecraft:sprint_one_cm":71628,"minecraft:damage_taken":1796,"minecraft:walk_one_cm":70497,"minecraft:drop":1,"minecraft:damage_dealt":216,"minecraft:interact_with_crafting_table":4,"minecraft:swim_one_cm":6946,"minecraft:fly_one_cm":79219,"minecraft:open_barrel":2,"minecraft:open_chest":5,"minecraft:crouch_one_cm":11083,"minecraft:play_time":46990,"minecraft:deaths":6,"minecraft:sneak_time":3632,"minecraft:walk_under_water_one_cm":900,"minecraft:jump":699,"minecraft:leave_game":3,"minecraft:walk_on_water_one_cm":363,"minecraft:time_since_death":8679,"minecraft:total_world_time":46990,"minecraft:fall_one_cm":25009},"minecraft:picked_up":{"minecraft:wooden_axe":1,"minecraft:birch_log":3,"minecraft:stick":32,"minecraft:crafting_table":2,"minecraft:wooden_pickaxe":1,"minecraft:oak_log":119,"minecraft:purple_terracotta":63,"minecraft:dirt":22,"minecraft:oak_wood":1,"minecraft:apple":3,"minecraft:wheat_seeds":3,"minecraft:wooden_shovel":1,"minecraft:oak_sapling":74,"minecraft:oak_planks":8},"minecraft:killed_by":{"specialmobs:skeleton":2,"specialmobs:zombie":2,"specialmobs:spider":1},"minecraft:mined":{"minecraft:birch_log":2,"minecraft:birch_leaves":4,"minecraft:crafting_table":2,"minecraft:grass":10,"minecraft:purple_terracotta":67,"minecraft:oak_wood":1,"minecraft:spruce_fence":2,"minecraft:grass_block":20,"minecraft:oak_log":65,"minecraft:dirt":4,"minecraft:mushroom_stem":3,"minecraft:oak_planks":9,"minecraft:oak_leaves":45},"minecraft:broken":{"minecraft:wooden_axe":1},"minecraft:crafted":{"minecraft:oak_planks":256,"minecraft:wooden_shovel":1,"minecraft:crafting_table":1,"minecraft:wooden_pickaxe":1,"minecraft:wooden_axe":2,"minecraft:birch_planks":8},"minecraft:used":{"minecraft:wooden_axe":73,"minecraft:iron_ore":4,"minecraft:apple":3,"minecraft:birch_planks":8,"minecraft:stone_pickaxe":77,"minecraft:oak_planks":70,"minecraft:gold_ore":4,"minecraft:dirt":9,"minecraft:crafting_table":3,"alexsmobs:animal_dictionary":1,"minecraft:purple_terracotta":42}},"DataVersion":3465}