{"stats":{"minecraft:dropped":{"alexsmobs:animal_dictionary":1},"minecraft:custom":{"minecraft:jump":63,"minecraft:time_since_rest":5106,"minecraft:damage_taken":62,"minecraft:crouch_one_cm":122,"minecraft:leave_game":2,"minecraft:play_time":5106,"minecraft:sprint_one_cm":2552,"minecraft:time_since_death":5106,"minecraft:walk_on_water_one_cm":77,"minecraft:walk_one_cm":3012,"minecraft:sneak_time":38,"minecraft:total_world_time":5106,"minecraft:walk_under_water_one_cm":726,"minecraft:swim_one_cm":2064,"minecraft:fall_one_cm":1672,"minecraft:drop":1,"minecraft:fly_one_cm":8991},"minecraft:used":{"alexsmobs:animal_dictionary":1}},"DataVersion":3465}