{"stats":{"minecraft:dropped":{"minecraft:cobblestone":1},"minecraft:mined":{"minecraft:large_fern":3,"minecraft:grass":1,"minecraft:packed_ice":2,"minecraft:spruce_leaves":2,"minecraft:spruce_log":13,"minecraft:fern":1},"minecraft:picked_up":{"minecraft:spruce_sapling":2,"minecraft:spruce_log":13,"minecraft:cobblestone":2},"minecraft:custom":{"minecraft:time_since_rest":17516,"minecraft:crouch_one_cm":224,"minecraft:play_time":17516,"minecraft:sprint_one_cm":45855,"minecraft:damage_taken":163,"minecraft:walk_one_cm":52294,"minecraft:sneak_time":21,"minecraft:walk_under_water_one_cm":1768,"minecraft:mob_kills":3,"minecraft:drop":1,"minecraft:jump":96,"minecraft:damage_dealt":465,"minecraft:walk_on_water_one_cm":2026,"minecraft:time_since_death":17516,"minecraft:total_world_time":17516,"minecraft:fly_one_cm":11348,"minecraft:fall_one_cm":2194},"minecraft:killed":{"minecraft:zombie":1},"minecraft:used":{"alexsmobs:animal_dictionary":2}},"DataVersion":3465}