{"stats":{"minecraft:mined":{"minecraft:large_fern":1,"minecraft:spruce_leaves":2,"minecraft:spruce_log":13},"minecraft:picked_up":{"minecraft:spruce_sapling":1,"minecraft:spruce_log":13},"minecraft:custom":{"minecraft:jump":5,"minecraft:time_since_rest":5516,"minecraft:crouch_one_cm":224,"minecraft:sprint_one_cm":2460,"minecraft:play_time":5516,"minecraft:time_since_death":5516,"minecraft:walk_one_cm":7549,"minecraft:sneak_time":21,"minecraft:total_world_time":5516,"minecraft:fall_one_cm":209,"minecraft:fly_one_cm":981},"minecraft:used":{"alexsmobs:animal_dictionary":1}},"DataVersion":3465}